{"cameraMode":{"drawMode":0,"name":"Shaded","section":"Shading Mode"},"sceneLighting":true,"audioPlay":false,"sceneViewState":{"showFog":true,"showMaterialUpdate":false,"showSkybox":true,"showFlares":true,"showImageEffects":true,"showParticleSystems":true},"in2DMode":false,"pivot":{"x":9.786401748657227,"y":3.0913891792297365,"z":-8.22773265838623},"rotation":{"x":-0.04370913654565811,"y":-0.9468074440956116,"z":0.14601261913776399,"w":-0.2834177017211914},"size":15.456663131713868,"orthographic":false}